/*
  DOLL
  ----
  Exporting all rows
*/
INSERT INTO dbo.DOLL (DOLL_ID, DOLL_NAME, DATE_BOUGHT, HAIR_ID, DRESS_SIZE, MOM_ID, ASPECT, PICTURE) VALUES (N'0193347', N'SAMANTHA', N'2010-11-08', N'5', N'S', N'E', N'Dirty', NULL);
INSERT INTO dbo.DOLL (DOLL_ID, DOLL_NAME, DATE_BOUGHT, HAIR_ID, DRESS_SIZE, MOM_ID, ASPECT, PICTURE) VALUES (N'2213', N'ANDREA', N'2010-08-19', N'5', N'L', N'A', N'Angry', NULL);
INSERT INTO dbo.DOLL (DOLL_ID, DOLL_NAME, DATE_BOUGHT, HAIR_ID, DRESS_SIZE, MOM_ID, ASPECT, PICTURE) VALUES (N'3325', N'BILLIE', N'2008-03-11', N'3', N'M', N'A', N'Messy', NULL);
INSERT INTO dbo.DOLL (DOLL_ID, DOLL_NAME, DATE_BOUGHT, HAIR_ID, DRESS_SIZE, MOM_ID, ASPECT, PICTURE) VALUES (N'47568', N'BONNIE', N'2010-12-17', N'3', N'S', N'B', N'Smiling', NULL);
INSERT INTO dbo.DOLL (DOLL_ID, DOLL_NAME, DATE_BOUGHT, HAIR_ID, DRESS_SIZE, MOM_ID, ASPECT, PICTURE) VALUES (N'7676', N'DONNA', N'2009-08-02', N'2', N'XL', N'D', N'Shiny', NULL);
INSERT INTO dbo.DOLL (DOLL_ID, DOLL_NAME, DATE_BOUGHT, HAIR_ID, DRESS_SIZE, MOM_ID, ASPECT, PICTURE) VALUES (N'985400', N'BRENDA', N'2009-09-27', N'1', N'M', N'D', N'Curly', NULL);
/* 6 row(s) exported */

/*
  GIRL
  ----
  Exporting all rows
*/
INSERT INTO dbo.GIRL (GIRL_ID, GIRL_NAME, AGE, HAIR_ID, PHONE) VALUES (N'A', N'CHERRY', 13, N'5', N'+39021-3349695');
INSERT INTO dbo.GIRL (GIRL_ID, GIRL_NAME, AGE, HAIR_ID, PHONE) VALUES (N'B', N'LOUISE', 15, N'4', N'+39011-9387495');
INSERT INTO dbo.GIRL (GIRL_ID, GIRL_NAME, AGE, HAIR_ID, PHONE) VALUES (N'C', N'AMANDA', 14, N'67E33E19C869BA4B99F4A145A75293D1', N'+440331-66782176');
INSERT INTO dbo.GIRL (GIRL_ID, GIRL_NAME, AGE, HAIR_ID, PHONE) VALUES (N'D', N'SHIRLEY', 11, N'5', N'+42032-7652435');
INSERT INTO dbo.GIRL (GIRL_ID, GIRL_NAME, AGE, HAIR_ID, PHONE) VALUES (N'E', N'DEBBIE', 16, N'2', N'+3902-487364281');
INSERT INTO dbo.GIRL (GIRL_ID, GIRL_NAME, AGE, HAIR_ID, PHONE) VALUES (N'FF1EDB2B55B5A7479172FA31A9CEE9E8', N'JENNIFER', 10, N'1', N'+39033-64538404');
/* 6 row(s) exported */

/*
  HAIR
  ----
  Exporting all rows
*/
INSERT INTO dbo.HAIR (HAIR_ID, HAIR_COLOR) VALUES (N'1', N'Blond');
INSERT INTO dbo.HAIR (HAIR_ID, HAIR_COLOR) VALUES (N'2', N'Walnut');
INSERT INTO dbo.HAIR (HAIR_ID, HAIR_COLOR) VALUES (N'3', N'Black');
INSERT INTO dbo.HAIR (HAIR_ID, HAIR_COLOR) VALUES (N'4', N'Silver');
INSERT INTO dbo.HAIR (HAIR_ID, HAIR_COLOR) VALUES (N'5', N'Red');
INSERT INTO dbo.HAIR (HAIR_ID, HAIR_COLOR) VALUES (N'67E33E19C869BA4B99F4A145A75293D1', N'Platinum');
/* 6 row(s) exported */

/*
  INVITATION
  ----------
  Exporting all rows
*/
INSERT INTO dbo.INVITATION (INVITATION_ID, PARTY_ID, INVITEE_ID, ACCEPTED) VALUES (N'04E63319002E824FA88F253F8F5A047D', N'oius', N'B', NULL);
INSERT INTO dbo.INVITATION (INVITATION_ID, PARTY_ID, INVITEE_ID, ACCEPTED) VALUES (N'0A0AFA46F5A9444882FEB3E0A5141315', N'oius', N'FF1EDB2B55B5A7479172FA31A9CEE9E8', 1);
INSERT INTO dbo.INVITATION (INVITATION_ID, PARTY_ID, INVITEE_ID, ACCEPTED) VALUES (N'8D128E7BD85DDE4DA3AA346BB31B3446', N'oius', N'D', 0);
INSERT INTO dbo.INVITATION (INVITATION_ID, PARTY_ID, INVITEE_ID, ACCEPTED) VALUES (N'B1FFE34266785740B0103CB0905F09E0', N'oius', N'C', 1);
/* 4 row(s) exported */

/*
  KITTO_USERS
  -----------
  Exporting all rows
*/
INSERT INTO dbo.KITTO_USERS (USER_NAME, PASSWORD_HASH, IS_ACTIVE) VALUES (N'administrator', N'baae429e0afb2aa9dac0a665abefdd8a', 1);
INSERT INTO dbo.KITTO_USERS (USER_NAME, PASSWORD_HASH, IS_ACTIVE) VALUES (N'cwolter', N'bb619c2f531d3dcbd8132c1d277b5ef9', 1);
INSERT INTO dbo.KITTO_USERS (USER_NAME, PASSWORD_HASH, IS_ACTIVE) VALUES (N'nando', N'6d4ed570ec98749e66fc5f426a4972ea', 1);
/* 3 row(s) exported */

/*
  PARTY
  -----
  Exporting all rows
*/
INSERT INTO dbo.PARTY (PARTY_ID, PARTY_NAME, PARTY_DATE, PARTY_TIME, ADDRESS) VALUES (N'aswdeo', N'Pool Party', N'2011-12-10', N'19:30:00.0000000', N'Raspberry Circle, 2 - Manchester');
INSERT INTO dbo.PARTY (PARTY_ID, PARTY_NAME, PARTY_DATE, PARTY_TIME, ADDRESS) VALUES (N'chdfhd', N'Splish Splash', N'2011-12-02', N'17:30:00.0000000', N'Via col Vento, 20 - Verona');
INSERT INTO dbo.PARTY (PARTY_ID, PARTY_NAME, PARTY_DATE, PARTY_TIME, ADDRESS) VALUES (N'oius', N'Pinata Party', N'2011-11-09', N'20:00:00.0000000', N'Rue de Lausanne, 11 - Zurich');
INSERT INTO dbo.PARTY (PARTY_ID, PARTY_NAME, PARTY_DATE, PARTY_TIME, ADDRESS) VALUES (N'vndjs', N'Beach Party', N'2011-11-13', N'15:00:00.0000000', N'Wuthering Heights, 65 - Los Angeles');
INSERT INTO dbo.PARTY (PARTY_ID, PARTY_NAME, PARTY_DATE, PARTY_TIME, ADDRESS) VALUES (N'ybyay', N'Halloween Party', N'2011-10-31', N'16:45:00.0000000', N'Paseo de Gracia, 101 - Barcelona');
/* 5 row(s) exported */

